id,cpf,name,birthDate
cf3dcc57-31b1-4cfb-99c7-5d3bdad4e1f8,CPF1,Aluno 1,01/01/1990
3fa816e9-1605-4380-af4c-e9ccb7cc14c1,CPF2,Aluno 2,01/01/1990
13bba182-fb8d-4c3a-ac1a-e8fcd074357c,CPF3,Aluno 3,01/01/1990
af0667c7-0fa4-40b6-99be-f5630b436f3a,CPF4,Aluno 4,01/01/1990
a5ec241f-adc6-4201-8800-f25eaa18b625,CPF5,Aluno 5,01/01/1990
2833cf87-dd84-4ba3-be3f-088885fdf1d8,CPF6,Aluno 6,01/01/1990
a37b14db-b260-4697-9493-8a549a741d01,CPF7,Aluno 7,01/01/1990
c4520ff8-7b95-4ac8-bf89-9a9280dd4ac5,CPF8,Aluno 8,01/01/1990
752597c2-0005-4f44-a892-d84656bc4942,CPF9,Aluno 9,01/01/1990
d7ed115b-5821-4561-b2f3-d0d2e6055b4b,CPF10,Aluno 10,01/01/1990
b5f78e12-594c-4a80-b63b-d7c89c99b2d4,CPF11,Aluno 11,01/01/1990
1f62fec5-7f76-4253-bd9e-fc04b7082acd,CPF12,Aluno 12,01/01/1990
830e1abf-69e7-474b-8a2f-a7e8c062e089,CPF13,Aluno 13,01/01/1990
f1265c55-f069-4587-969f-ef12e9ddf05b,CPF14,Aluno 14,01/01/1990
c1717c53-bf9f-47ce-8cf6-89ce406f555f,CPF15,Aluno 15,01/01/1990
da2440e2-7487-4452-b6e4-a13ac18a01fb,CPF16,Aluno 16,01/01/1990
52f1edaa-1d26-46d7-94ba-896c4860b0e4,CPF17,Aluno 17,01/01/1990
d5deb1dd-fae0-4850-a3bc-f6a23de871bb,CPF18,Aluno 18,01/01/1990
fee00d22-9e94-4079-9a38-02848b9f36ff,CPF19,Aluno 19,01/01/1990
81eeb250-bfe6-43b8-b195-80341f05b3e6,CPF20,Aluno 20,01/01/1990
01f45110-e96e-47fd-938c-0c08aaf65924,CPF21,Aluno 21,01/01/1990
efa8df4e-63b4-4c02-a36b-f366e75f07a1,CPF22,Aluno 22,01/01/1990
3eec4a9a-e8dd-423b-8feb-25b7f67d520b,CPF23,Aluno 23,01/01/1990
377ad167-7d62-451c-82a3-bd3daadcc88a,CPF24,Aluno 24,01/01/1990
410a9ec6-6c45-425a-8c8f-a8d9576a474b,CPF25,Aluno 25,01/01/1990
67364c9f-0fe7-40d6-998d-ce117b22f9fc,CPF26,Aluno 26,01/01/1990
eebcfec4-9148-4885-b19c-4772d222f8b9,CPF27,Aluno 27,01/01/1990
b2973a2a-3b54-47da-a071-5a56f4c1e629,CPF28,Aluno 28,01/01/1990
b73b3498-3830-4971-990c-5e9d2e5cbdec,CPF29,Aluno 29,01/01/1990
bd84d5a3-7a29-4dee-8183-aa83444d7c07,CPF30,Aluno 30,01/01/1990
acc33006-8c3e-41fe-83d3-6aeb573947f8,CPF31,Aluno 31,01/01/1990
6fa6dceb-b3e0-4a72-a611-40ac03bbdb2e,CPF32,Aluno 32,01/01/1990
6ae10a5b-1575-4617-9bb1-7d78cdafcae6,CPF33,Aluno 33,01/01/1990
80f62e9b-c019-453a-82e0-b7e18e1d164c,CPF34,Aluno 34,01/01/1990
ce8fec17-c603-4574-9108-c362204a3a88,CPF35,Aluno 35,01/01/1990
cbb38b5f-90cf-42ac-8908-2bd28e214e95,CPF36,Aluno 36,01/01/1990
bbc021f1-b0a8-4d6e-b290-c0e1d01aa6b8,CPF37,Aluno 37,01/01/1990
1382656e-30b9-4c84-a556-fe8c19caa13d,CPF38,Aluno 38,01/01/1990
c5fda1ad-bb13-427e-9032-9b179af87679,CPF39,Aluno 39,01/01/1990
bf44bca4-413f-4e79-a8dd-5bfd51764d66,CPF40,Aluno 40,01/01/1990
3295ae4b-0750-491e-9546-d14b6a59a5dd,CPF41,Aluno 41,01/01/1990
d1da8d19-081b-4173-b1b1-1e7d5f14382f,CPF42,Aluno 42,01/01/1990
e88bd856-63a9-4451-af45-8ff4c7527ac5,CPF43,Aluno 43,01/01/1990
1c45f526-7f14-42b8-8270-9dd5818ac0df,CPF44,Aluno 44,01/01/1990
430c93c1-ca79-4a8e-9bae-2b7acf02afef,CPF45,Aluno 45,01/01/1990
7e8a1254-2f8c-4aae-af71-4614987274f2,CPF46,Aluno 46,01/01/1990
dbc882ac-6a14-45ba-913f-23ad0c034098,CPF47,Aluno 47,01/01/1990
0fb0b847-fbfb-4efd-8756-94e31e4e545a,CPF48,Aluno 48,01/01/1990
efb2ff05-8947-4f34-a840-f60979d083a5,CPF49,Aluno 49,01/01/1990
29dcc9d5-0e4f-4fe1-b840-b11915543e7b,CPF50,Aluno 50,01/01/1990
1602bd90-d7a1-4905-9466-51c107c5135e,CPF51,Aluno 51,01/01/1990
c3bc9d92-8725-4799-a260-a56388cae8c9,CPF52,Aluno 52,01/01/1990
8f189954-3a8a-4074-a328-c3476e51c6d7,CPF53,Aluno 53,01/01/1990
ec34a807-c0eb-41b3-ae70-ef423a9da290,CPF54,Aluno 54,01/01/1990
70f1bb77-d012-461b-a283-b8a9f250e0b3,CPF55,Aluno 55,01/01/1990
01a1b4d7-6f8f-4ec4-a741-966d024c9f62,CPF56,Aluno 56,01/01/1990
386199dd-37c1-4213-b936-4733fe0876a7,CPF57,Aluno 57,01/01/1990
c435e7c7-7db9-49c6-9fc2-8ae64e34f7a9,CPF58,Aluno 58,01/01/1990
32a623e4-6488-452f-98b8-9da8d8388a87,CPF59,Aluno 59,01/01/1990
e37847aa-0d0b-47ea-9454-22f9d13e4157,CPF60,Aluno 60,01/01/1990
db79e771-1117-4998-8e47-b6c701cddcfe,CPF61,Aluno 61,01/01/1990
92afb688-5466-4f7b-9035-8d51777981ab,CPF62,Aluno 62,01/01/1990
923a9a90-9fc6-4aaa-b0d5-0556e9269abe,CPF63,Aluno 63,01/01/1990
2bc52116-3941-486d-9038-54ff049ea7fc,CPF64,Aluno 64,01/01/1990
83a94c08-6662-4293-bb6a-9446b665c67a,CPF65,Aluno 65,01/01/1990
70504ce5-d0a1-4c06-8f19-93d286cc93b7,CPF66,Aluno 66,01/01/1990
a851c22f-ec05-4d09-8f68-e8854dba1e38,CPF67,Aluno 67,01/01/1990
6be62720-7869-420f-9af4-7007ad503160,CPF68,Aluno 68,01/01/1990
0fce91aa-70d3-471c-83a7-59066693ea9f,CPF69,Aluno 69,01/01/1990
511d334a-722a-4138-9680-bcf583a96104,CPF70,Aluno 70,01/01/1990
635bf640-6970-4d56-b188-7744a56c9549,CPF71,Aluno 71,01/01/1990
609617c6-6823-4de3-87d6-3d988ed5f701,CPF72,Aluno 72,01/01/1990
a5687931-d514-4eb2-81fd-cb54da28cf1d,CPF73,Aluno 73,01/01/1990
eb876fa7-fbb8-42d1-8ec7-bc094ac565dd,CPF74,Aluno 74,01/01/1990
c064bc7b-5029-44d6-a596-63b5f8e913c0,CPF75,Aluno 75,01/01/1990
789806d7-a70f-4303-b50b-9fbdb1530fe5,CPF76,Aluno 76,01/01/1990
b0220971-5aba-4217-9b60-d6383c328837,CPF77,Aluno 77,01/01/1990
ba7a3cca-d909-454e-adbb-ea07e0a2b80b,CPF78,Aluno 78,01/01/1990
d1771439-7f29-4714-b577-453c192e07d5,CPF79,Aluno 79,01/01/1990
02d3bc6d-5937-41f9-ae1a-9b4b238a5f28,CPF80,Aluno 80,01/01/1990
8816d430-18d8-42f2-a3df-c3ee59a19778,CPF81,Aluno 81,01/01/1990
82b94541-c8e1-42a1-b890-012f0c41ef7a,CPF82,Aluno 82,01/01/1990
ae34ef3e-4621-42d2-9eaa-6e91d4d95365,CPF83,Aluno 83,01/01/1990
1d5e8470-c3c1-463c-a19a-38742e7b61f2,CPF84,Aluno 84,01/01/1990
a2e84748-d47d-4ad1-8b94-7f60d2eb86ac,CPF85,Aluno 85,01/01/1990
f529bdf6-147c-4f80-8f6f-fa9d8b1112ce,CPF86,Aluno 86,01/01/1990
b3bbd694-8684-41a0-94df-4202d4ec9704,CPF87,Aluno 87,01/01/1990
a2371990-a6a2-4144-9871-5a0f0e852119,CPF88,Aluno 88,01/01/1990
0a3caf0a-9a1d-4f53-975e-15d4d1f340d2,CPF89,Aluno 89,01/01/1990
8ec056af-768c-4cbb-847a-01351636efa8,CPF90,Aluno 90,01/01/1990
0de27e22-a4f2-4c81-a76b-7668313d53dd,CPF91,Aluno 91,01/01/1990
ecc1f416-56e8-4992-8945-28e43d3119a0,CPF92,Aluno 92,01/01/1990
bbf45f14-01c7-4f46-8905-e5e5cc7ff400,CPF93,Aluno 93,01/01/1990
e5a34983-d703-4e56-b89b-e7b7557f64a3,CPF94,Aluno 94,01/01/1990
f3f1a324-d927-40d8-b305-1805e0b40615,CPF95,Aluno 95,01/01/1990
ecf3c510-cc75-410d-bd83-19b2e025e596,CPF96,Aluno 96,01/01/1990
9f3328c6-36a5-4594-bb8b-71c113073915,CPF97,Aluno 97,01/01/1990
914ef171-ce11-4e67-9bb3-24d14e23d886,CPF98,Aluno 98,01/01/1990
cf31e9ac-34e6-4202-a73f-21208ae9c2e6,CPF99,Aluno 99,01/01/1990
916be14b-6fef-4f54-86c3-6e2d66f3f41d,CPF100,Aluno 100,01/01/1990
7f5b481f-3502-4201-a798-f513d3f048f8,CPF101,Aluno 101,01/01/1990
4b098821-2242-4897-b06f-2707baa8f12f,CPF102,Aluno 102,01/01/1990
abac3794-2400-453c-8b86-9af68e31e9ce,CPF103,Aluno 103,01/01/1990
1d01f2ac-9af9-44e1-9f13-2e5af3d1ce8b,CPF104,Aluno 104,01/01/1990
3d373e82-aaa6-4f41-a36c-cb3ecf6037de,CPF105,Aluno 105,01/01/1990
20492b88-0455-4e5a-a054-875e20dde4f6,CPF106,Aluno 106,01/01/1990
c8e0b2ae-79b0-43a8-939a-a5bab7fb63bf,CPF107,Aluno 107,01/01/1990
4d402c5f-b950-4d9d-9981-fb248a19178a,CPF108,Aluno 108,01/01/1990
de93e6e5-49d1-41e7-8d58-87cd174a28c2,CPF109,Aluno 109,01/01/1990
0285af62-b9f6-40d6-892d-e0ad5ba19c23,CPF110,Aluno 110,01/01/1990
85fffc63-7181-491d-8a84-1f3f08614666,CPF111,Aluno 111,01/01/1990
1ccc875f-9ad6-4b60-8e3a-76a7a3f25c6b,CPF112,Aluno 112,01/01/1990
a00b222d-cf34-4dbd-9699-3fe2cd4e47b3,CPF113,Aluno 113,01/01/1990
8371648e-a9ba-4fa1-a1b3-70c9bbe20e05,CPF114,Aluno 114,01/01/1990
3d6d3f67-99ea-42ef-b25a-f6c7a1128933,CPF115,Aluno 115,01/01/1990
2eb5765d-5468-4439-ad17-b6872301f0df,CPF116,Aluno 116,01/01/1990
e0549263-6022-4df1-9b84-eaed302c72b8,CPF117,Aluno 117,01/01/1990
e80abda3-d83a-4924-9407-6a3b292f9555,CPF118,Aluno 118,01/01/1990
b0b3aa47-8dd2-4bbd-8731-16dc76b3a608,CPF119,Aluno 119,01/01/1990
96f3669d-c5b7-459b-8571-3b8fd86cfc93,CPF120,Aluno 120,01/01/1990
e6c99264-0111-4aed-ae36-613d274176c1,CPF121,Aluno 121,01/01/1990
165a2553-5605-4a77-8c23-4e5c40f95c6c,CPF122,Aluno 122,01/01/1990
e52b574e-8d8b-4d3e-a458-ec4afa6db3f4,CPF123,Aluno 123,01/01/1990
defcb873-f49d-4447-b475-6a464d8efdf4,CPF124,Aluno 124,01/01/1990
6b3f35ff-48f0-4a2d-88e5-57415d7c1f59,CPF125,Aluno 125,01/01/1990
fdc95b0e-0437-45b2-b7ae-bf4f0d972c0a,CPF126,Aluno 126,01/01/1990
ed3b399b-87a4-4db4-97d3-1152b6b1b5ad,CPF127,Aluno 127,01/01/1990
935dfeff-4652-4f9d-8069-d0561248e665,CPF128,Aluno 128,01/01/1990
6ed7ee99-ccc0-45cb-8ebf-22a3b505fc4c,CPF129,Aluno 129,01/01/1990
079294d7-370e-4953-9c2d-a3c5d81e00bf,CPF130,Aluno 130,01/01/1990
c217353b-7a11-4f2e-8de0-f955bf47b428,CPF131,Aluno 131,01/01/1990
d7dff840-3848-481e-bc1e-1cc75eaf1d4a,CPF132,Aluno 132,01/01/1990
17242a49-d5a3-448e-a339-d7ae9269fd2e,CPF133,Aluno 133,01/01/1990
0a37d503-0acc-4ae5-bc74-a735f9982e71,CPF134,Aluno 134,01/01/1990
f8d8f17a-2175-4685-a60d-7c1f79c0d1e2,CPF135,Aluno 135,01/01/1990
5083888d-bdc1-44ec-88d8-6a6b21b17d5c,CPF136,Aluno 136,01/01/1990
da7b50d0-cf80-438e-bab3-35944ea54127,CPF137,Aluno 137,01/01/1990
5f493ae3-9a63-41c6-b4d3-ede434c4177c,CPF138,Aluno 138,01/01/1990
8a241907-e03c-48bf-b2b4-01a3773aa741,CPF139,Aluno 139,01/01/1990
f6c0280d-a63d-4beb-ac97-c6564427a3e5,CPF140,Aluno 140,01/01/1990
0ffb0237-9a15-4393-838a-63c3f6445433,CPF141,Aluno 141,01/01/1990
694da88f-e616-46f4-98e4-4dfbf9660153,CPF142,Aluno 142,01/01/1990
e162ee51-bdd9-49aa-a521-3b4f9e9ea747,CPF143,Aluno 143,01/01/1990
4607f1fc-35b9-4886-8a34-6344d7bf4694,CPF144,Aluno 144,01/01/1990
9ee130bb-f10d-40b2-abf2-9fc144c513df,CPF145,Aluno 145,01/01/1990
f80d3074-2285-4e6b-813b-939de8856f24,CPF146,Aluno 146,01/01/1990
afefd6be-b599-49d5-a74c-9ff4064831df,CPF147,Aluno 147,01/01/1990
5348f975-9c6c-4dbe-b6d8-d26ae7649b9c,CPF148,Aluno 148,01/01/1990
3a232bcd-01b4-4fdb-ae72-4ab7bf01bb5a,CPF149,Aluno 149,01/01/1990
8d35cee0-b8dc-4519-9e44-e3140be8c521,CPF150,Aluno 150,01/01/1990
3c0baf7d-134f-482d-8a93-63ee83ddd6cd,CPF151,Aluno 151,01/01/1990
6ef4bd45-de35-4848-ab82-6b6ba4668326,CPF152,Aluno 152,01/01/1990
abbc3358-f401-4c0e-8d54-52f0ba31af20,CPF153,Aluno 153,01/01/1990
c0ccc9cc-5b18-4631-b547-11dd42d0f3d7,CPF154,Aluno 154,01/01/1990
d1496d6b-3cfa-46b1-a475-c9c89ce78c82,CPF155,Aluno 155,01/01/1990
f45dd429-9a4f-4836-bd5a-9f88a1b163b7,CPF156,Aluno 156,01/01/1990
4f2ccec3-15e8-4093-98dd-3e0ac6d0779e,CPF157,Aluno 157,01/01/1990
c3d2f78e-7a54-4d40-a94c-4e490ac2b891,CPF158,Aluno 158,01/01/1990
e08a60ed-a304-4edd-89f8-1c2348adb429,CPF159,Aluno 159,01/01/1990
6adc7ff5-1697-40aa-8420-2dd914e7b539,CPF160,Aluno 160,01/01/1990
ada6b9d5-c5e3-4f6e-b7c9-19920ba49add,CPF161,Aluno 161,01/01/1990
69e4eaa9-0c9b-4679-9ebf-26687aaebe01,CPF162,Aluno 162,01/01/1990
117f31a2-461a-46d5-bfda-e35091d70ae6,CPF163,Aluno 163,01/01/1990
15657816-0618-4a64-9a61-4049eea45475,CPF164,Aluno 164,01/01/1990
c9e4cb8d-e240-4a57-a884-d54b94bd2dae,CPF165,Aluno 165,01/01/1990
22abc0ae-1a02-4008-bcc8-223c0a9f33aa,CPF166,Aluno 166,01/01/1990
f984fa47-a54f-4aac-b78c-d805f4a537b1,CPF167,Aluno 167,01/01/1990
ab83fcde-616d-47d1-8a57-7f04e50d8386,CPF168,Aluno 168,01/01/1990
ef446dc9-7b40-43b8-ad75-370659b336fa,CPF169,Aluno 169,01/01/1990
4d04ba1c-40b4-49d5-aaf1-0d8dc2ec427f,CPF170,Aluno 170,01/01/1990
2c933577-4f4a-45ef-b28c-248703f68ad0,CPF171,Aluno 171,01/01/1990
5228ab79-3412-4e8e-9a15-fc597fe4fab6,CPF172,Aluno 172,01/01/1990
97d83b17-ad13-4928-9440-8564a68064d3,CPF173,Aluno 173,01/01/1990
c62b54ab-9301-462c-8e8a-39bfb4d3ab84,CPF174,Aluno 174,01/01/1990
f3ac7985-464b-4f83-b7b2-3674e870bd53,CPF175,Aluno 175,01/01/1990
3a2752ad-5c27-4333-af79-632a7a304171,CPF176,Aluno 176,01/01/1990
37d6b60e-009c-4f2c-bbdc-4550aa4c4fa2,CPF177,Aluno 177,01/01/1990
4d041543-dd10-4a49-9d43-85ec3b8ea83f,CPF178,Aluno 178,01/01/1990
4a4c87f6-3b4d-4556-a0b6-79fe6aa49883,CPF179,Aluno 179,01/01/1990
3ec96f87-9c17-4491-a465-7418459e50d9,CPF180,Aluno 180,01/01/1990
54e7fb3f-7e9b-4a19-a1cc-46e4489204ba,CPF181,Aluno 181,01/01/1990
cf499962-2b46-4d71-8f6b-9bf14d10f536,CPF182,Aluno 182,01/01/1990
ffce1d06-8606-42d5-af15-1ae7cad603d4,CPF183,Aluno 183,01/01/1990
3c810d75-164c-4ae8-b82c-1cc2788aae01,CPF184,Aluno 184,01/01/1990
a8c68d46-7fb9-48bd-baf5-4370f1bdb303,CPF185,Aluno 185,01/01/1990
6d92e954-2e7b-4acd-9112-6cb02598bb50,CPF186,Aluno 186,01/01/1990
539444c7-7525-4497-957c-6d48a7061961,CPF187,Aluno 187,01/01/1990
f802c581-6f22-4c9f-8441-a71abf182af2,CPF188,Aluno 188,01/01/1990
3f4980f9-8315-4c21-89d5-56ee18af5261,CPF189,Aluno 189,01/01/1990
44c9ac3f-84f5-44a5-8357-12ffc0ebccb1,CPF190,Aluno 190,01/01/1990
7ec392bb-339d-46a1-b305-adfc41216ee7,CPF191,Aluno 191,01/01/1990
8b29f278-f780-4577-ac9e-d084f530b0ec,CPF192,Aluno 192,01/01/1990
5bded0f8-c10e-4760-8bb7-7ad9eade267c,CPF193,Aluno 193,01/01/1990
00d811da-35ca-4ffc-aa68-f2a3dc8fc55e,CPF194,Aluno 194,01/01/1990
27ef0ace-22dd-4dcc-bbb6-37fd563696e9,CPF195,Aluno 195,01/01/1990
d6249a7c-0b83-464c-8682-c8e7513de876,CPF196,Aluno 196,01/01/1990
2c18a2d8-a141-4525-b6af-4d8f088d58df,CPF197,Aluno 197,01/01/1990
7b33fe56-07df-4b59-a380-9c03485b23f1,CPF198,Aluno 198,01/01/1990
fac8c887-6ee9-4aed-9205-9a7b36216f7c,CPF199,Aluno 199,01/01/1990
2a14ce92-7113-48e0-88d1-2e0d0f2f23d0,CPF200,Aluno 200,01/01/1990
f0accbce-ead9-4364-934a-6483b13449f6,CPF201,Aluno 201,01/01/1990
b600f7f0-3b4b-41bb-905f-f5d704e7bbe1,CPF202,Aluno 202,01/01/1990
cbc81c7c-bc59-4e7a-8296-f4610c3b543e,CPF203,Aluno 203,01/01/1990
999fc700-4f54-4b02-a789-bdb3158011d1,CPF204,Aluno 204,01/01/1990
169b6dbb-4cd6-4862-bcdd-5b5591805e67,CPF205,Aluno 205,01/01/1990
7316cdfd-8030-4bb4-8ff6-2e50c03acecb,CPF206,Aluno 206,01/01/1990
00e4ef36-3de5-4c8c-a508-eccae7d44493,CPF207,Aluno 207,01/01/1990
ae4f80aa-d939-42f8-8d4f-8af80f417559,CPF208,Aluno 208,01/01/1990
a3d9b417-669e-4cc2-8377-1c0418fa2e3b,CPF209,Aluno 209,01/01/1990
f8c0e8c7-2fcc-4c49-a15d-fe64472f63b5,CPF210,Aluno 210,01/01/1990
8343f5f3-f776-47d7-a972-26adcf6da2c2,CPF211,Aluno 211,01/01/1990
cd836b13-d327-4ef7-9fca-21492dd3dbff,CPF212,Aluno 212,01/01/1990
2651db17-aec5-49ed-8af6-bafc65be2846,CPF213,Aluno 213,01/01/1990
667c7d7d-78a8-4ee7-ae5e-3429f8f208f1,CPF214,Aluno 214,01/01/1990
537ec81b-1f75-4210-b4a4-9308d5ae3120,CPF215,Aluno 215,01/01/1990
32fa1487-869a-40be-92ef-c582484977bd,CPF216,Aluno 216,01/01/1990
48e8971b-62a2-46c2-a182-a025c3d165fa,CPF217,Aluno 217,01/01/1990
bf4549df-7259-4f1f-b173-57e9be2d0da8,CPF218,Aluno 218,01/01/1990
2c7e2311-b11d-48c0-baea-875ca26de3d7,CPF219,Aluno 219,01/01/1990
406cd3b5-4980-4404-908c-ca972b93b165,CPF220,Aluno 220,01/01/1990
08714ca0-56fe-4d05-8ad2-87f1a82f4661,CPF221,Aluno 221,01/01/1990
7d0c4d31-8a64-4f22-a9ba-f08edf64b0bb,CPF222,Aluno 222,01/01/1990
b3805464-61f9-411d-9974-c371144d66fa,CPF223,Aluno 223,01/01/1990
ad024742-866b-4b5d-abb1-c376816ef9c5,CPF224,Aluno 224,01/01/1990
27554c29-dc9d-4970-81f0-2d2697dd5825,CPF225,Aluno 225,01/01/1990
e88dd973-abe2-4717-9b82-34be63292ccc,CPF226,Aluno 226,01/01/1990
c60f3482-e3da-4034-96fb-dc1e6bfc2656,CPF227,Aluno 227,01/01/1990
1250c5a1-b7fd-4ee4-8311-a8798759dd8e,CPF228,Aluno 228,01/01/1990
ca499ebb-10d3-49fa-88b1-4bbe5e507696,CPF229,Aluno 229,01/01/1990
8a1e6a6b-776b-46e9-8ff1-019d42a8d5d1,CPF230,Aluno 230,01/01/1990
60a8a86b-641a-42a8-ba1d-b5990a22e26a,CPF231,Aluno 231,01/01/1990
a07d2cc0-be55-4adc-b484-14ed56255989,CPF232,Aluno 232,01/01/1990
bf944839-db13-4a08-97b1-200d5987f123,CPF233,Aluno 233,01/01/1990
c88e4328-68d7-43cb-a13a-83df9023163b,CPF234,Aluno 234,01/01/1990
a85e41b8-feb0-4efb-9c5e-0ec3c807e4db,CPF235,Aluno 235,01/01/1990
e461a037-c80e-4c90-bdab-4141a8e06897,CPF236,Aluno 236,01/01/1990
51bc4061-c82a-4b1d-87e7-badb926d0a62,CPF237,Aluno 237,01/01/1990
24194dfe-3033-4237-a379-070ee998b52e,CPF238,Aluno 238,01/01/1990
5dbed0d6-1ad4-4a67-a75a-8723fd407fbf,CPF239,Aluno 239,01/01/1990
d627e679-d471-4f50-b3d5-858ecd38f32a,CPF240,Aluno 240,01/01/1990
dc568c4c-c98e-4a6e-ac2f-04d986f37e50,CPF241,Aluno 241,01/01/1990
0b95fdd7-3f33-4907-b1e6-e2c9a737d6c1,CPF242,Aluno 242,01/01/1990
307f519b-6220-44a5-8652-02dfd7be9371,CPF243,Aluno 243,01/01/1990
f7b81736-26c4-4fef-8f29-8b8c3c36f0d6,CPF244,Aluno 244,01/01/1990
6b77294a-c1c3-4148-984e-ce58d5e190b6,CPF245,Aluno 245,01/01/1990
ef4798e6-130d-4e4c-90c8-b1ad3c080e31,CPF246,Aluno 246,01/01/1990
d44971f9-fa8c-434b-86f6-d83f0049e719,CPF247,Aluno 247,01/01/1990
f87797f3-bc3f-40f8-bb3f-03e2752ce1af,CPF248,Aluno 248,01/01/1990
4330854b-e2d1-433f-ab10-af93ceb0786d,CPF249,Aluno 249,01/01/1990
1702301a-2faa-48cd-99cf-ae22a72fae10,CPF250,Aluno 250,01/01/1990
017f5034-6083-4cd9-9e58-66c285adef69,CPF251,Aluno 251,01/01/1990
cb688ae1-65bb-41a3-9912-54285fcc83b6,CPF252,Aluno 252,01/01/1990
be166e04-949b-4b41-bcad-d7f4b1873ea2,CPF253,Aluno 253,01/01/1990
9f37bca5-3b83-4bd5-b7f2-55104de4a1a2,CPF254,Aluno 254,01/01/1990
9a18508b-5f21-40d1-abc4-42957a6d5171,CPF255,Aluno 255,01/01/1990
701e993b-e837-4d3f-bbaf-4f7db609f155,CPF256,Aluno 256,01/01/1990
73ec09bc-1241-49bb-9891-3d9bcd3021b3,CPF257,Aluno 257,01/01/1990
41a297e0-456f-435b-b2ae-3b819460dfd8,CPF258,Aluno 258,01/01/1990
8616cdea-54d6-45bb-81ff-08a268705794,CPF259,Aluno 259,01/01/1990
c282352a-8791-4f9d-8d47-39e92cf7183c,CPF260,Aluno 260,01/01/1990
88d2a5fa-366a-422b-9de7-aea760d9e1b8,CPF261,Aluno 261,01/01/1990
0284e6a7-622f-4549-8173-a9ae3c029031,CPF262,Aluno 262,01/01/1990
7e804077-4dc7-42ee-8177-52812d3493d8,CPF263,Aluno 263,01/01/1990
13be2253-fad9-4384-8a3f-d564486734f7,CPF264,Aluno 264,01/01/1990
8c200b99-c4c7-4bc4-a46c-d42434ffe18b,CPF265,Aluno 265,01/01/1990
fdf9a6f4-4b13-48be-86d4-d963c257b66f,CPF266,Aluno 266,01/01/1990
3d57da69-e9be-4373-afa7-878c3f3b1beb,CPF267,Aluno 267,01/01/1990
ea3fec2b-096d-42cc-81ed-9dc5fbd70bf3,CPF268,Aluno 268,01/01/1990
80003edb-ff23-4343-8bab-7604fcc6b8c4,CPF269,Aluno 269,01/01/1990
3b77cd0e-f20d-4374-958f-53064d816144,CPF270,Aluno 270,01/01/1990
fcf8c2f7-5f5a-4e2e-8ebf-2a714f31b8b6,CPF271,Aluno 271,01/01/1990
e27c603f-2e00-4c1e-ae1e-f4f82818b4cb,CPF272,Aluno 272,01/01/1990
d8853044-4898-4a9a-b067-c092ed4d2451,CPF273,Aluno 273,01/01/1990
ef9e89b3-9481-4dde-b77e-76efa2078a5e,CPF274,Aluno 274,01/01/1990
c0753636-7653-4d4c-ba54-aa455faec4bb,CPF275,Aluno 275,01/01/1990
d20bd3e5-e037-4b31-b18b-d324689a1d55,CPF276,Aluno 276,01/01/1990
4f2657cf-7df8-4644-9fce-e24d1afa0bb3,CPF277,Aluno 277,01/01/1990
8b850efa-4cdc-4b22-9ccd-548056b687c1,CPF278,Aluno 278,01/01/1990
eeed2d17-7672-4088-ba0c-9ac990605d05,CPF279,Aluno 279,01/01/1990
e2e2b41e-8e5f-40d5-9b99-90fda57d77ff,CPF280,Aluno 280,01/01/1990
b078103b-a9f2-4631-8605-0f702c3e26a5,CPF281,Aluno 281,01/01/1990
b692bc29-7763-405c-a55a-04c286675a00,CPF282,Aluno 282,01/01/1990
55092e59-2b16-4559-87c4-cfcbc6088cb9,CPF283,Aluno 283,01/01/1990
51814651-1a62-42a5-81cd-01d10d9359e1,CPF284,Aluno 284,01/01/1990
50c856ed-85e0-4c1b-90d6-75f72bd4c423,CPF285,Aluno 285,01/01/1990
c26e6c60-7736-4720-8f28-7acfbf4d7fbb,CPF286,Aluno 286,01/01/1990
7c63ca74-c866-49ef-acf5-9f8633bda469,CPF287,Aluno 287,01/01/1990
ccf1e106-c782-4da4-9fef-9ec3c9e20feb,CPF288,Aluno 288,01/01/1990
8b81fb94-637a-4405-b5a6-41875797a17a,CPF289,Aluno 289,01/01/1990
c5194a1c-fc51-4717-816b-52554eebb10f,CPF290,Aluno 290,01/01/1990
26784c48-d36f-4afe-bb05-c0b38031ba0b,CPF291,Aluno 291,01/01/1990
ab852dcf-fc5e-4962-89e0-9fbfec871213,CPF292,Aluno 292,01/01/1990
8f9594c3-0d0e-4e0e-954c-8a0449e76832,CPF293,Aluno 293,01/01/1990
7c284cb9-e4d8-49fe-b7cd-9818a5f8a4fa,CPF294,Aluno 294,01/01/1990
8f7494d3-0924-4113-8e20-0a2f09d2fb72,CPF295,Aluno 295,01/01/1990
e56904ce-350f-4c71-8095-8a38b29bad36,CPF296,Aluno 296,01/01/1990
8e6572e9-0f6e-4d32-b43a-870b989dea2c,CPF297,Aluno 297,01/01/1990
57ac2c99-5a75-4256-9ff9-dffda6b337f9,CPF298,Aluno 298,01/01/1990
5f949b0b-0acc-4d8c-9dd1-8c18b8673126,CPF299,Aluno 299,01/01/1990
75fa42b7-14f5-412b-b425-e794bd351f80,CPF300,Aluno 300,01/01/1990
dc9237d6-5d6d-48dc-aa3b-4e24b019e62f,CPF301,Aluno 301,01/01/1990
b8609fce-eb8b-4296-9844-8949e52cb2b4,CPF302,Aluno 302,01/01/1990
2fc2ae99-ef94-4eaf-acb5-222878b165b2,CPF303,Aluno 303,01/01/1990
004cc332-f6f8-47cb-bd66-1d3a388dbb0e,CPF304,Aluno 304,01/01/1990
87519605-8b10-422f-885a-ff20f4317203,CPF305,Aluno 305,01/01/1990
2241b3bb-ecdf-4b6c-80cb-5c790bde57c6,CPF306,Aluno 306,01/01/1990
e2af648a-797f-4fd8-80a7-f31e36a067c1,CPF307,Aluno 307,01/01/1990
54b101bd-7469-4cab-89a7-7882f8308346,CPF308,Aluno 308,01/01/1990
42bd8e8b-ed00-4173-a6a9-e2070c42a6c1,CPF309,Aluno 309,01/01/1990
1536fc7d-965b-4cf8-a52e-f2718bf3a64b,CPF310,Aluno 310,01/01/1990
e50efa16-1433-456c-aeb7-aabf2d3b0acb,CPF311,Aluno 311,01/01/1990
92fcc599-1774-47e8-a95d-63310924df59,CPF312,Aluno 312,01/01/1990
ff37ed05-8d2b-43a7-9201-83e1dde87ccc,CPF313,Aluno 313,01/01/1990
6fb63c36-86ed-4374-a545-c452d7dfcacd,CPF314,Aluno 314,01/01/1990
b6762199-9bae-4492-adfd-2f340047b6d0,CPF315,Aluno 315,01/01/1990
101ba181-e70a-4254-aa95-0673175efb28,CPF316,Aluno 316,01/01/1990
d6fa9f38-9884-4700-baa5-0aff19640ac4,CPF317,Aluno 317,01/01/1990
ca5f995b-0a6e-4215-a973-6d000cb2b390,CPF318,Aluno 318,01/01/1990
7c71d3e8-6683-4059-aeb0-4ca0178c9b31,CPF319,Aluno 319,01/01/1990
5e0fdd7a-8bcf-4638-871c-a13afc01d79b,CPF320,Aluno 320,01/01/1990
17cc87b4-c081-4a4e-98d1-8c888a01dbc1,CPF321,Aluno 321,01/01/1990
b9c4c123-3f71-4d7c-97fc-46a9b4b0baad,CPF322,Aluno 322,01/01/1990
9643364b-bd8f-4c05-997c-7f9233705a0a,CPF323,Aluno 323,01/01/1990
af0a370d-873e-4b7e-a55e-fba87250b65f,CPF324,Aluno 324,01/01/1990
c4d7d5c6-2951-4b8f-aeb0-4f422b5e1d3b,CPF325,Aluno 325,01/01/1990
c9c68988-bee0-43b8-badd-39c7cf62cbd2,CPF326,Aluno 326,01/01/1990
edfdb960-fe48-4233-b89e-16dc4c7ab381,CPF327,Aluno 327,01/01/1990
9ddcbdb0-837a-4a2c-9de3-1a85c13c8eab,CPF328,Aluno 328,01/01/1990
19845c8e-d7e5-42d3-803b-562ba11b89f7,CPF329,Aluno 329,01/01/1990
6fd5a440-cce3-4d44-a1d3-ca6245d0992c,CPF330,Aluno 330,01/01/1990
e389337b-06f6-48b4-8cf7-81c357555c34,CPF331,Aluno 331,01/01/1990
4201b588-17d6-4113-9375-f06ba4bf0276,CPF332,Aluno 332,01/01/1990
1a0e917f-2afc-4ab2-bbb7-50b665ada790,CPF333,Aluno 333,01/01/1990
4c1a00dc-ce0f-479f-b23e-726708738bd3,CPF334,Aluno 334,01/01/1990
989fc8f7-e81f-4d72-abf8-8aff85a71b5a,CPF335,Aluno 335,01/01/1990
af1401a7-5cfc-4320-8a84-25bb9cc5d681,CPF336,Aluno 336,01/01/1990
78da0ade-3f0f-46eb-b56b-089c08eb1106,CPF337,Aluno 337,01/01/1990
4704158b-8beb-485a-b491-33c75f858dec,CPF338,Aluno 338,01/01/1990
21edf7d7-889d-44a6-ab8d-c675b4994e24,CPF339,Aluno 339,01/01/1990
490be460-20b0-4b10-a907-6a5c0b4c7631,CPF340,Aluno 340,01/01/1990
71306bbc-7407-4874-9304-3de81bb67cdc,CPF341,Aluno 341,01/01/1990
594cb041-3fba-4135-8b66-1455eb38681e,CPF342,Aluno 342,01/01/1990
9cd29bab-58b8-4671-82c3-f7a2c1f175da,CPF343,Aluno 343,01/01/1990
f29fd18c-031d-4dac-bdf2-275992eb4774,CPF344,Aluno 344,01/01/1990
63f8ab77-7c36-438d-9184-e100d08a156e,CPF345,Aluno 345,01/01/1990
b9c0117a-c1cb-4f81-be1b-0178bb3ee8b7,CPF346,Aluno 346,01/01/1990
e142c9aa-2326-4897-a31f-159aa5b25e66,CPF347,Aluno 347,01/01/1990
42b420e5-c356-45b0-8f4d-5e04f75429b4,CPF348,Aluno 348,01/01/1990
60bf287b-477a-4b68-9d45-23a880ed26b0,CPF349,Aluno 349,01/01/1990
0a2e1878-18f3-4ce5-bd04-8ad7d81f2bfb,CPF350,Aluno 350,01/01/1990
16e7ea50-c3a7-45a9-b19c-cc4441c44ccb,CPF351,Aluno 351,01/01/1990
4c1d741c-e459-4584-acce-9b6ebdcc9b73,CPF352,Aluno 352,01/01/1990
82f65216-6f98-4834-a1ec-41970d9769ac,CPF353,Aluno 353,01/01/1990
271a3927-6d35-4222-a383-43bc0002f34b,CPF354,Aluno 354,01/01/1990
f12c8745-6191-449e-a672-e10934b3465e,CPF355,Aluno 355,01/01/1990
92dd1959-4662-4c92-b598-a3bb083f774e,CPF356,Aluno 356,01/01/1990
a9f8482f-da20-4fd4-b861-db1e3d5692de,CPF357,Aluno 357,01/01/1990
4ee911d1-bff9-4170-9df7-e1061e557ee0,CPF358,Aluno 358,01/01/1990
f02624e3-9bd9-4b2e-9907-1adfcb248fe7,CPF359,Aluno 359,01/01/1990
68473ed5-9dd4-4b73-ac18-74b1ca36e5eb,CPF360,Aluno 360,01/01/1990
4cc677e5-f852-45f4-a152-dd02f7ef3417,CPF361,Aluno 361,01/01/1990
1c7ec66b-6880-4fe1-8db6-bdd13a325ac6,CPF362,Aluno 362,01/01/1990
bbb4bdb3-2f3f-42bf-a793-5a0f82f0d3f4,CPF363,Aluno 363,01/01/1990
0c3b19ee-11f7-4b74-b9b5-96c50007addf,CPF364,Aluno 364,01/01/1990
cdb2a968-1936-4309-8937-3d878fe2f06a,CPF365,Aluno 365,01/01/1990
9f8b8053-4700-4ca5-930b-3d6552d391c9,CPF366,Aluno 366,01/01/1990
d2a8ac27-471f-4b07-809a-b2bfa8c9d138,CPF367,Aluno 367,01/01/1990
bd175911-560e-4729-8e17-8a4a394f0b0c,CPF368,Aluno 368,01/01/1990
8f5fa70d-e717-4c48-9e53-4c432ba01d70,CPF369,Aluno 369,01/01/1990
39cf630a-7d2b-4b18-b264-4b92debd2ca6,CPF370,Aluno 370,01/01/1990
014f4bd5-c911-4dc6-8919-d825e3da7d78,CPF371,Aluno 371,01/01/1990
2acfcb59-6d4d-46ab-913e-edf152ce758d,CPF372,Aluno 372,01/01/1990
7c793735-896f-4cd9-9216-92845e563fa8,CPF373,Aluno 373,01/01/1990
099cb044-cd19-45b8-a099-8725478641dc,CPF374,Aluno 374,01/01/1990
8211013d-0899-40f3-94a3-52080103f7b5,CPF375,Aluno 375,01/01/1990
e0ce25b7-7a92-48d6-8aa9-3b9b7695c5d1,CPF376,Aluno 376,01/01/1990
2bab2ecb-a185-4472-96b6-dc587947234e,CPF377,Aluno 377,01/01/1990
78b73b58-2e5d-45bf-b25e-40a99641ff35,CPF378,Aluno 378,01/01/1990
3c7bb584-867c-4d4b-9aab-439a67015a5f,CPF379,Aluno 379,01/01/1990
ed19f288-21cb-40bb-913f-baf41a3f591e,CPF380,Aluno 380,01/01/1990
b2da5fae-1629-4715-92d5-151b33a6c731,CPF381,Aluno 381,01/01/1990
7abf2425-3bbe-444b-8bd9-3bb30c295e1c,CPF382,Aluno 382,01/01/1990
734ba289-d951-4a26-b3a7-cb94e4ecda75,CPF383,Aluno 383,01/01/1990
11a18f44-4d58-47ad-80b4-34dddf4ef215,CPF384,Aluno 384,01/01/1990
c90ea8e3-0a8a-4709-9971-4c6fc1162c53,CPF385,Aluno 385,01/01/1990
ccf343e8-7745-4387-80c5-802f1deedea7,CPF386,Aluno 386,01/01/1990
38cd81a9-e880-43cf-9cbd-65dfd6532a67,CPF387,Aluno 387,01/01/1990
dd67ce49-f4bf-4941-a627-db0e641e2b25,CPF388,Aluno 388,01/01/1990
c01b68f6-ef0f-4501-9185-322768f73aa0,CPF389,Aluno 389,01/01/1990
57d64238-7e85-489f-b1ac-d068b22565c4,CPF390,Aluno 390,01/01/1990
e0e828e4-e57f-4eeb-8a4b-a26203b33d2e,CPF391,Aluno 391,01/01/1990
8aa939ba-afd4-4cea-a92c-de0e08e4c5e4,CPF392,Aluno 392,01/01/1990
fbfb397d-3144-419c-be16-dfb6ec51cd63,CPF393,Aluno 393,01/01/1990
fcbb025b-1f90-467c-8442-eccafe0a3f27,CPF394,Aluno 394,01/01/1990
1202bae0-7a58-4118-88e2-bbfab891aacb,CPF395,Aluno 395,01/01/1990
90cfa11e-e40a-46ce-bd02-85e97d2fee0b,CPF396,Aluno 396,01/01/1990
9a56871a-165d-4292-a914-0b45cf52a379,CPF397,Aluno 397,01/01/1990
54e0b3db-a62e-485f-ad40-f8255b11410d,CPF398,Aluno 398,01/01/1990
abb98150-56c8-42a5-aa5f-af7311a0b0dd,CPF399,Aluno 399,01/01/1990
4319ec7d-05c2-427b-aef6-0cb426b6d178,CPF400,Aluno 400,01/01/1990
4eaed7dd-514d-4281-afb2-140fe62260f3,CPF401,Aluno 401,01/01/1990
b749deb2-f1ec-44f5-9ad7-0e6d8b2005bb,CPF402,Aluno 402,01/01/1990
334498ec-0b3c-4a86-8394-aaa662e9015f,CPF403,Aluno 403,01/01/1990
44a60073-4725-418e-b207-57add0e90bf5,CPF404,Aluno 404,01/01/1990
a5014afb-e8d0-486d-a743-6a9dbc868b12,CPF405,Aluno 405,01/01/1990
979428d1-7cf0-4036-8295-16b96097f797,CPF406,Aluno 406,01/01/1990
9d290e30-0b21-4260-9802-5bd1c662011a,CPF407,Aluno 407,01/01/1990
2edb4f75-88b8-4030-9a64-9e4a9445fd95,CPF408,Aluno 408,01/01/1990
477a0a1b-f04f-484c-a82e-c0a0126c0689,CPF409,Aluno 409,01/01/1990
6057de65-e019-414b-bed9-96c182450d77,CPF410,Aluno 410,01/01/1990
eedfbcc1-acef-408f-ad1f-209af327d43b,CPF411,Aluno 411,01/01/1990
da3f11e9-255e-43e9-9274-13b64920ad31,CPF412,Aluno 412,01/01/1990
0bc72e48-40f7-467e-8fc8-874b5dbcc1a5,CPF413,Aluno 413,01/01/1990
d3299d1c-e36e-4083-b5a6-3cd68181a971,CPF414,Aluno 414,01/01/1990
a335c85e-7447-40ac-920b-19ffa7fe42f9,CPF415,Aluno 415,01/01/1990
da8effbb-9fdb-41b6-beb9-42b4762e842d,CPF416,Aluno 416,01/01/1990
81157051-b700-438e-aa71-307c78a2d459,CPF417,Aluno 417,01/01/1990
b63ea25f-e592-4885-b63b-71621775371c,CPF418,Aluno 418,01/01/1990
ac662ba2-d773-4287-97ca-72d520dc7011,CPF419,Aluno 419,01/01/1990
b7f95725-e75e-4ae7-8f28-6909dd2c974c,CPF420,Aluno 420,01/01/1990
771d6678-2341-4fa6-8f10-3f57622e7d06,CPF421,Aluno 421,01/01/1990
e66062e3-2e85-44bd-812c-24c230f3a65f,CPF422,Aluno 422,01/01/1990
038ade5b-28c8-4761-921c-ab61f50239fd,CPF423,Aluno 423,01/01/1990
8b978d0b-9eb2-4354-8735-f08ae0d01d7e,CPF424,Aluno 424,01/01/1990
32bb4715-0789-4d80-adfb-7bbd4676e819,CPF425,Aluno 425,01/01/1990
af11dbd6-2f66-4f7f-9281-ed28a21aa890,CPF426,Aluno 426,01/01/1990
478db8ce-e1af-43e5-b661-8a5adc48a7d0,CPF427,Aluno 427,01/01/1990
6f0a0324-56b8-49eb-b5db-bdde42d33314,CPF428,Aluno 428,01/01/1990
c8fc1426-41e5-428f-81a5-7ee318dcf477,CPF429,Aluno 429,01/01/1990
7f439943-f918-474e-971f-849edb96da60,CPF430,Aluno 430,01/01/1990
75643c96-2ac9-44b1-ab85-7468a32bd411,CPF431,Aluno 431,01/01/1990
f0cff375-4af2-4a4c-a336-2b95811155a7,CPF432,Aluno 432,01/01/1990
2d5d7727-4f33-489a-be4c-bf0de7fdd40a,CPF433,Aluno 433,01/01/1990
c199c33d-2f68-48fb-8bb3-85a5cf5857c2,CPF434,Aluno 434,01/01/1990
1263d714-a70f-444c-a652-dd365e9440ab,CPF435,Aluno 435,01/01/1990
ff790475-a2bf-4274-b9ff-7a3a13c92e57,CPF436,Aluno 436,01/01/1990
fe5e7d49-d104-47bb-a817-224b4de9352f,CPF437,Aluno 437,01/01/1990
f54a31ea-0548-432e-8d9c-8d204065ab38,CPF438,Aluno 438,01/01/1990
b471e528-6dc7-4df0-b385-e6911cda4177,CPF439,Aluno 439,01/01/1990
e6d9453e-0199-4392-90e9-bc31b8feefdd,CPF440,Aluno 440,01/01/1990
d40ef23a-91e9-45de-bd79-16f3c434dbf6,CPF441,Aluno 441,01/01/1990
9016b65c-3eb4-497f-81b7-5cdec3618318,CPF442,Aluno 442,01/01/1990
d48941a6-ba5b-4d82-a150-acd327bd85eb,CPF443,Aluno 443,01/01/1990
9f824732-42ee-4ef6-8dae-567c1a19dc46,CPF444,Aluno 444,01/01/1990
e9e80280-f6d6-4378-9fca-b9ea67691da3,CPF445,Aluno 445,01/01/1990
aa92de2a-1dec-4d24-a5c8-89d25f7030e5,CPF446,Aluno 446,01/01/1990
12ff2b01-4b31-4ce1-8087-acd6552c5424,CPF447,Aluno 447,01/01/1990
3e67c88f-a7e9-4b9f-99b2-7941f11ce9b4,CPF448,Aluno 448,01/01/1990
fc272384-006b-4c9f-ab62-06d53e8fd2af,CPF449,Aluno 449,01/01/1990
03c95da8-6101-48f1-972c-d526c82827a8,CPF450,Aluno 450,01/01/1990
aa80e8de-390d-4692-aeb3-9ca74fb3c3e4,CPF451,Aluno 451,01/01/1990
7421bc65-a079-4d19-8916-eef67482ccd7,CPF452,Aluno 452,01/01/1990
08fd191e-4ab9-46fe-9c48-53c3976d3b80,CPF453,Aluno 453,01/01/1990
0ce6893a-cedf-42de-bed1-e9c50ad09372,CPF454,Aluno 454,01/01/1990
96988fc7-fb52-4f9c-b207-ef6840aa0dcf,CPF455,Aluno 455,01/01/1990
b44ffb70-8a66-4d05-ab40-c7d0c502d053,CPF456,Aluno 456,01/01/1990
3fc5de31-3477-46dc-9a2d-5cf0e8174721,CPF457,Aluno 457,01/01/1990
861b473a-c176-4fee-8d0a-e327e4065cc5,CPF458,Aluno 458,01/01/1990
728f0f0f-866b-458b-998d-021d8742bc87,CPF459,Aluno 459,01/01/1990
484c95c4-333b-496c-8875-faa35c86d77c,CPF460,Aluno 460,01/01/1990
25bdb757-01b9-430b-8a68-e1ab7c154ea3,CPF461,Aluno 461,01/01/1990
7b444f43-6c3c-4bfa-bcdb-18bd8d2a3c86,CPF462,Aluno 462,01/01/1990
c0f61e81-4b5e-4ff2-b3af-1bbc7f0ea801,CPF463,Aluno 463,01/01/1990
5ad23057-a7c4-420a-9396-ae88f1a0f394,CPF464,Aluno 464,01/01/1990
24bb295e-6bf0-4bcc-94ec-0b1c711cfa06,CPF465,Aluno 465,01/01/1990
8ee607f9-9ebe-4cbc-971e-578db29513f4,CPF466,Aluno 466,01/01/1990
73c2eacd-ff5b-468f-aada-07e9ca85e9cf,CPF467,Aluno 467,01/01/1990
f20c0d3d-6a05-41ee-b37e-fa90a8fab72d,CPF468,Aluno 468,01/01/1990
e94e84b3-8027-4597-b998-bce232efa232,CPF469,Aluno 469,01/01/1990
0afaf85d-eeb1-434f-932a-7c340c970294,CPF470,Aluno 470,01/01/1990
bb283603-f581-4c22-97e0-fd974addf9be,CPF471,Aluno 471,01/01/1990
f4efe61b-2ca4-41da-83d5-f690a452ff33,CPF472,Aluno 472,01/01/1990
f864df46-27ce-4811-a148-eac5aacba878,CPF473,Aluno 473,01/01/1990
7df834a9-7762-4147-977a-e386e9e8fe8d,CPF474,Aluno 474,01/01/1990
a390c416-9c86-41fc-be1b-28311d04a852,CPF475,Aluno 475,01/01/1990
c1fd55cf-8481-4818-a8ff-ca3b955894e1,CPF476,Aluno 476,01/01/1990
2f2be86b-91b9-4104-9cc6-4d4246032fd7,CPF477,Aluno 477,01/01/1990
efd575e8-3e6f-4d18-8876-9fc8fd5afa06,CPF478,Aluno 478,01/01/1990
36461174-6f78-48db-995b-90f4105968b9,CPF479,Aluno 479,01/01/1990
3e93d17c-452a-44bc-a476-cef616c2fa89,CPF480,Aluno 480,01/01/1990